{
  "dataset": "DE",
  "lowdata": {
    "k=10": {
      "R_acc_mean": 0.688709677419355,
      "S_acc_mean": 0.6772222222222222,
      "gap": 0.01148745519713279
    },
    "k=25": {
      "R_acc_mean": 0.8209051724137932,
      "S_acc_mean": 0.7942222222222222,
      "gap": 0.026682950191571075
    },
    "k=50": {
      "R_acc_mean": 0.9490322580645161,
      "S_acc_mean": 0.8873333333333335,
      "gap": 0.06169892473118255
    }
  },
  "grouping": {
    "recording": {
      "acc_mean": 0.9482409227410171,
      "acc_std": 0.03309247618435688,
      "macro_f1_mean": 0.9558028691270376,
      "macro_f1_std": 0.027858819974231338
    },
    "load": {
      "acc_mean": 0.9398866191035543,
      "acc_std": 0.018762036673428507,
      "macro_f1_mean": 0.9497188982544869,
      "macro_f1_std": 0.015136184926842955
    },
    "fault_size": {
      "acc_mean": 0.37120759611083554,
      "acc_std": 0.22486089666129996,
      "macro_f1_mean": 0.2676950691959859,
      "macro_f1_std": 0.1643341837369337
    }
  },
  "bandpass": {
    "no_bandpass": {
      "acc_mean": 0.938602902607901,
      "acc_std": 0.02158658894092584,
      "macro_f1_mean": 0.9315903189232962,
      "pc_margin_mean": 0.010131778541223106,
      "pc_margin_std": 0.08042045126809214
    }
  }
}