{
  "dataset": "FE",
  "lowdata": {
    "k=10": {
      "R_acc_mean": 0.5090277777777777,
      "S_acc_mean": 0.45133333333333336,
      "gap": 0.05769444444444438
    },
    "k=25": {
      "R_acc_mean": 0.7646239554317549,
      "S_acc_mean": 0.6690666666666667,
      "gap": 0.09555728876508818
    },
    "k=50": {
      "R_acc_mean": 0.8390277777777777,
      "S_acc_mean": 0.7686666666666666,
      "gap": 0.0703611111111111
    }
  },
  "grouping": {
    "recording": {
      "acc_mean": 0.8214581466583857,
      "acc_std": 0.04637874686774228,
      "macro_f1_mean": 0.8512787291936446,
      "macro_f1_std": 0.040442438448886245
    },
    "load": {
      "acc_mean": 0.8668019086418302,
      "acc_std": 0.029399218616806052,
      "macro_f1_mean": 0.8855845365004867,
      "macro_f1_std": 0.026858621915191453
    },
    "fault_size": {
      "acc_mean": 0.5479509748527291,
      "acc_std": 0.15620133020684068,
      "macro_f1_mean": 0.49319007929116665,
      "macro_f1_std": 0.18803832243560548
    }
  },
  "bandpass": {
    "no_bandpass": {
      "acc_mean": 0.8522851345082518,
      "acc_std": 0.030691656267995634,
      "macro_f1_mean": 0.8755573895537306,
      "pc_margin_mean": -0.032723091696272605,
      "pc_margin_std": 0.0353607794482268
    }
  }
}